01.mp4, Surprise
02.mp4, Surprise
03.mp4, Surprise
04.mp4, Surprise
05.mp4, Surprise
06.mp4, Surprise
07.mp4, Surprise
08.mp4, Surprise
09.mp4, Surprise
10.mp4, Surprise
11.mp4, Surprise
12.mp4, Surprise
13.mp4, Surprise
14.mp4, Surprise
15.mp4, Surprise
16.mp4, Surprise
17.mp4, Sadness
18.mp4, Surprise
19.mp4, Surprise
20.mp4, Surprise
21.mp4, Surprise
22.mp4, Surprise
23.mp4, Surprise
24.mp4, Surprise
25.mp4, Surprise
26.mp4, Surprise
27.mp4, Surprise
28.mp4, Surprise
29.mp4, Sadness
30.mp4, Surprise
